sample,virus,ic50,error.ic50,WT_ic50,WT_error.ic50,fold.change
mAb,K723E,4283.5896,362.7602617,5525.154987,322.377344,1.289842283
mAb,K650Y,2904.836176,140.9374133,5525.154987,322.377344,1.902053903
mAb,K227S,<100,ND,5525.154987,322.377344,ND
mAb,K227T,<100,ND,4511.640215,618.5407738,ND
mAb,K227Y,<100,ND,4511.640215,618.5407738,ND
mAb,Y242H,200.956843,51.62864095,4511.640215,618.5407738,22.45079166
mAb,Y242T,<100,ND,4511.640215,618.5407738,ND
mAb,S396C,<100,ND,4511.640215,618.5407738,ND
mAb,S396M,<100,ND,4511.640215,618.5407738,ND
mAb,Y242Q,<100,ND,4511.640215,618.5407738,ND
mAb,S396N,<100,ND,4511.640215,618.5407738,ND
m1,K723E,<100,ND,1863.712828,106.4233322,ND
m1,K650Y,<100,ND,1863.712828,106.4233322,ND
m2,K723E,<100,ND,322.7228511,42.10055558,ND
m2,K650Y,<100,ND,322.7228511,42.10055558,ND
m3,K723E,<100,ND,572.5469906,83.8235578,ND
m3,K650Y,<100,ND,572.5469906,83.8235578,ND
