virus,replicate,mut_t20_t8_ratio,wt_t20_t8_ratio
K227S,replicate_1,0.961418094,1.212324324
K227S,replicate_2,1.260927916,1.614947197
K227S,replicate_3,1.232590587,1.398415635
A512L,replicate_1,0.20360128,1.212324324
A512L,replicate_2,0.24253099,1.614947197
A512L,replicate_3,0.248855156,1.398415635
D535T,replicate_1,0.331683409,1.212324324
D535T,replicate_2,0.366473286,1.614947197
D535T,replicate_3,0.319529377,1.398415635
K650Y,replicate_1,1.375145471,1.212324324
K650Y,replicate_2,1.515340526,1.614947197
K650Y,replicate_3,1.406222923,1.398415635
K723E,replicate_1,0.42739726,1.294944539
K723E,replicate_2,0.387928575,1.365545837
K723E,replicate_3,0.462362637,1.537205585
P798H,replicate_1,0.697760526,1.294944539
P798H,replicate_2,0.698359276,1.365545837
P798H,replicate_3,0.407488125,1.537205585
Q702G,replicate_1,0.360444003,1.294944539
Q702G,replicate_2,0.39285161,1.365545837
Q702G,replicate_3,0.164746976,1.537205585
A473L,replicate_1,0.770549907,1.131209819
A473L,replicate_2,0.836874736,1.144396586
A473L,replicate_3,1.250331464,1.019014462
K723E+P798H,replicate_1,0.604233016,1.131209819
K723E+P798H,replicate_2,0.454531991,1.144396586
K723E+P798H,replicate_3,0.726617792,1.019014462
D535T+K723E,replicate_1,0.074729307,1.270767175
D535T+K723E,replicate_2,0.066896868,1.080139543
D535T+K723E,replicate_3,0.087490415,1.179761797
